{"cameraMode":{"drawMode":0,"name":"Shaded","section":"Shading Mode"},"sceneLighting":false,"audioPlay":false,"sceneViewState":{"showFog":true,"showMaterialUpdate":false,"showSkybox":false,"showFlares":true,"showImageEffects":true,"showParticleSystems":true},"in2DMode":false,"pivot":{"x":-3.4139351844787599,"y":2.100310802459717,"z":-10.51103401184082},"rotation":{"x":-0.2182760089635849,"y":0.25755345821380618,"z":-0.059845440089702609,"w":-0.9393829703330994},"size":2.978222370147705,"orthographic":false}