{"cameraMode":{"drawMode":0,"name":"Shaded","section":"Shading Mode"},"sceneLighting":true,"audioPlay":false,"sceneViewState":{"showFog":true,"showMaterialUpdate":true,"showSkybox":true,"showFlares":true,"showImageEffects":true,"showParticleSystems":true},"in2DMode":false,"pivot":{"x":6.508362293243408,"y":1.1505107879638672,"z":7.131091117858887},"rotation":{"x":-0.3639577329158783,"y":-0.5302742123603821,"z":0.2692343294620514,"w":-0.7168379426002502},"size":6.295877456665039,"orthographic":false}