{"cameraMode":{"drawMode":0,"name":"Shaded","section":"Shading Mode"},"sceneLighting":false,"audioPlay":false,"sceneViewState":{"showFog":true,"showMaterialUpdate":true,"showSkybox":false,"showFlares":true,"showImageEffects":true,"showParticleSystems":true},"in2DMode":false,"pivot":{"x":1.7856857776641846,"y":3.048795223236084,"z":-8.74691390991211},"rotation":{"x":-0.1552690714597702,"y":0.1525566130876541,"z":-0.02427671104669571,"w":-0.9757197499275208},"size":2.1751716136932375,"orthographic":false}