{"cameraMode":{"drawMode":0,"name":"Shaded","section":"Shading Mode"},"sceneLighting":true,"audioPlay":false,"sceneViewState":{"showFog":true,"showMaterialUpdate":true,"showSkybox":true,"showFlares":true,"showImageEffects":true,"showParticleSystems":true},"in2DMode":false,"pivot":{"x":3.215733528137207,"y":-1.7136666774749756,"z":-4.78665828704834},"rotation":{"x":-0.45198869705200198,"y":-0.08487246930599213,"z":0.04325229674577713,"w":-0.8869225978851318},"size":5.988462924957275,"orthographic":false}