{"cameraMode":{"drawMode":0,"name":"Shaded","section":"Shading Mode"},"sceneLighting":false,"audioPlay":false,"sceneViewState":{"showFog":true,"showMaterialUpdate":true,"showSkybox":false,"showFlares":true,"showImageEffects":true,"showParticleSystems":true},"in2DMode":false,"pivot":{"x":0.7541559934616089,"y":3.2881875038146974,"z":-10.546534538269043},"rotation":{"x":-0.28125450015068056,"y":0.2515464127063751,"z":-0.07665892690420151,"w":-0.9228997230529785},"size":2.4428372383117677,"orthographic":false}