{"cameraMode":{"drawMode":0,"name":"Shaded","section":"Shading Mode"},"sceneLighting":true,"audioPlay":false,"sceneViewState":{"showFog":true,"showMaterialUpdate":true,"showSkybox":true,"showFlares":true,"showImageEffects":true,"showParticleSystems":true},"in2DMode":false,"pivot":{"x":12.960028648376465,"y":-2.1663618087768556,"z":1.4091198444366456},"rotation":{"x":-0.5297365188598633,"y":-0.007127009332180023,"z":0.00445120083168149,"w":-0.8481245636940002},"size":14.512792587280274,"orthographic":false}