{"cameraMode":{"drawMode":0,"name":"Shaded","section":"Shading Mode"},"sceneLighting":false,"audioPlay":false,"sceneViewState":{"showFog":true,"showMaterialUpdate":true,"showSkybox":false,"showFlares":true,"showImageEffects":true,"showParticleSystems":true},"in2DMode":false,"pivot":{"x":7.6399993896484379,"y":1.7400000095367432,"z":-7.489999771118164},"rotation":{"x":-0.3639577329158783,"y":-0.5302742123603821,"z":0.2692343294620514,"w":-0.7168379426002502},"size":1.4782226085662842,"orthographic":false}