{"cameraMode":{"drawMode":0,"name":"Shaded","section":"Shading Mode"},"sceneLighting":true,"audioPlay":false,"sceneViewState":{"showFog":true,"showMaterialUpdate":true,"showSkybox":true,"showFlares":true,"showImageEffects":true,"showParticleSystems":true},"in2DMode":false,"pivot":{"x":0.17118248343467713,"y":0.7595438361167908,"z":-5.138520240783691},"rotation":{"x":-0.16714993119239808,"y":-0.48749420046806338,"z":0.09568213671445847,"w":-0.8516188263893127},"size":2.0769693851470949,"orthographic":false}